{
  "classes": [
    "glioma",
    "meningioma",
    "notumor",
    "pituitary"
  ],
  "n_train": 4570,
  "n_val": 1142,
  "n_test": 1311,
  "accuracy": 0.931350114416476,
  "macro_f1": 0.9264888351218894,
  "per_class": {
    "glioma": {
      "precision": 0.9645669291338582,
      "recall": 0.8166666666666667,
      "f1": 0.8844765342960289,
      "support": 300
    },
    "meningioma": {
      "precision": 0.8284883720930233,
      "recall": 0.9313725490196079,
      "f1": 0.8769230769230769,
      "support": 306
    },
    "notumor": {
      "precision": 0.9805352798053528,
      "recall": 0.9950617283950617,
      "f1": 0.9877450980392157,
      "support": 405
    },
    "pituitary": {
      "precision": 0.9536423841059603,
      "recall": 0.96,
      "f1": 0.9568106312292359,
      "support": 300
    }
  },
  "confusion_matrix": [
    [
      245,
      49,
      0,
      6
    ],
    [
      6,
      285,
      7,
      8
    ],
    [
      0,
      2,
      403,
      0
    ],
    [
      3,
      8,
      1,
      288
    ]
  ],
  "trained_at": "2026-06-19 10:32:55",
  "train_seconds": 408.0
}